model,paper_power_W,synth_power_W,power_pct_err,synth_energy_std
mobilenetv3_small,5.284016,5.297441,0.25,0.003867
mobilenetv2,5.281515,5.167702,-2.15,0.007057
resnet18,5.319149,5.357039,0.71,0.006286
tiny_vit_5m,5.298814,5.308001,0.17,0.01427
efficientnet_b0,5.30138,5.375325,1.39,0.016949
