model,paper_power_W,synth_power_W,power_pct_err,synth_energy_std
mobilenetv3_small,5.284016,5.297559,0.26,0.004455
mobilenetv2,5.281515,5.167664,-2.16,0.008113
resnet18,5.319149,5.355765,0.69,0.007263
tiny_vit_5m,5.298814,5.305353,0.12,0.016725
efficientnet_b0,5.30138,5.375169,1.39,0.020086
